{
  "MSE": 0.28563952445983887,
  "MAE": 0.3004426956176758,
  "RMSE": 0.5344525464995362,
  "NLL": 0.6355452537536621,
  "CRPS": 0.28624290227890015,
  "Sharpness_90": 2.589946985244751,
  "Sharpness_50": 1.0620354413986206,
  "Cal_0.1": 0.2998530864715576,
  "Cal_0.2": 0.4679117500782013,
  "Cal_0.3": 0.5926167964935303,
  "Cal_0.4": 0.6871753931045532,
  "Cal_0.5": 0.7592599987983704,
  "Cal_0.6": 0.8155738711357117,
  "Cal_0.7": 0.8610464334487915,
  "Cal_0.8": 0.8994733691215515,
  "Cal_0.9": 0.934806227684021,
  "Cal_0.95": 0.9542351365089417,
  "Calibration_Error": 0.18219520628452301,
  "Mean_Epistemic_Var": 0.0018064677715301514,
  "Mean_Aleatoric_Var": 1.7052839994430542,
  "Epistemic_Fraction": 0.0010582144087292148
}