{
  "MSE": 0.27532142400741577,
  "MAE": 0.2959238290786743,
  "RMSE": 0.5247108003533144
}