{
  "MSE": 0.18293243646621704,
  "MAE": 0.21724994480609894,
  "RMSE": 0.42770601640170675,
  "NLL": 0.16748416423797607,
  "CRPS": 0.19171784818172455,
  "Sharpness_90": 1.6014447212219238,
  "Sharpness_50": 0.6566895246505737,
  "Cal_0.1": 0.23623383045196533,
  "Cal_0.2": 0.3773579001426697,
  "Cal_0.3": 0.4988100826740265,
  "Cal_0.4": 0.6031830310821533,
  "Cal_0.5": 0.691602885723114,
  "Cal_0.6": 0.76553875207901,
  "Cal_0.7": 0.8270733952522278,
  "Cal_0.8": 0.8794787526130676,
  "Cal_0.9": 0.9258704781532288,
  "Cal_0.95": 0.9488787055015564,
  "Calibration_Error": 0.13062704026699065,
  "Mean_Epistemic_Var": 0.0,
  "Mean_Aleatoric_Var": 0.8746650815010071,
  "Epistemic_Fraction": 0.0
}