{
  "MSE": 0.2747407555580139,
  "MAE": 0.2950980067253113,
  "RMSE": 0.5241571859261437,
  "NLL": 3.476231336593628,
  "CRPS": 0.4848560392856598,
  "Sharpness_90": 5.462126731872559,
  "Sharpness_50": 2.2398033142089844,
  "Cal_0.1": 0.4071519374847412,
  "Cal_0.2": 0.55059814453125,
  "Cal_0.3": 0.6428027153015137,
  "Cal_0.4": 0.709306538105011,
  "Cal_0.5": 0.7611746191978455,
  "Cal_0.6": 0.8036987781524658,
  "Cal_0.7": 0.8402532935142517,
  "Cal_0.8": 0.8734747767448425,
  "Cal_0.9": 0.9066691398620605,
  "Cal_0.95": 0.9263050556182861,
  "Calibration_Error": 0.2018824887275696,
  "Mean_Epistemic_Var": 0.0,
  "Mean_Aleatoric_Var": 17.82599639892578,
  "Epistemic_Fraction": 0.0
}