{
  "MSE": 0.2754763066768646,
  "MAE": 0.2959987223148346,
  "RMSE": 0.5248583682069522,
  "NLL": 419451.03125,
  "CRPS": 0.2860918939113617,
  "Sharpness_90": 0.06242765486240387,
  "Sharpness_50": 0.025599123910069466,
  "Cal_0.1": 0.008492649532854557,
  "Cal_0.2": 0.017170559614896774,
  "Cal_0.3": 0.02617511712014675,
  "Cal_0.4": 0.035709481686353683,
  "Cal_0.5": 0.046045370399951935,
  "Cal_0.6": 0.05769120901823044,
  "Cal_0.7": 0.07131847739219666,
  "Cal_0.8": 0.0878642350435257,
  "Cal_0.9": 0.11217755824327469,
  "Cal_0.95": 0.13613341748714447,
  "Calibration_Error": 0.48512219244614246,
  "Mean_Epistemic_Var": 0.00082911312347278,
  "Mean_Aleatoric_Var": 0.0,
  "Epistemic_Fraction": 0.9999879390651196
}