{
  "MSE": 0.1828920841217041,
  "MAE": 0.21740372478961945,
  "RMSE": 0.42765884080853994,
  "NLL": 0.13570865988731384,
  "CRPS": 0.19357635080814362,
  "Sharpness_90": 1.6491833925247192,
  "Sharpness_50": 0.6762651801109314,
  "Cal_0.1": 0.2414429783821106,
  "Cal_0.2": 0.3865833878517151,
  "Cal_0.3": 0.5101349353790283,
  "Cal_0.4": 0.6150798201560974,
  "Cal_0.5": 0.7029270529747009,
  "Cal_0.6": 0.77535480260849,
  "Cal_0.7": 0.8354237675666809,
  "Cal_0.8": 0.8861944079399109,
  "Cal_0.9": 0.9304378032684326,
  "Cal_0.95": 0.9523040056228638,
  "Calibration_Error": 0.13858829617500307,
  "Mean_Epistemic_Var": 0.0010942663066089153,
  "Mean_Aleatoric_Var": 0.9280199408531189,
  "Epistemic_Fraction": 0.0011777522488626284
}