{
  "MSE": 0.2858011722564697,
  "MAE": 0.3002743422985077,
  "RMSE": 0.5346037525648971,
  "NLL": 0.633739173412323,
  "CRPS": 0.2811708450317383,
  "Sharpness_90": 2.4780936241149902,
  "Sharpness_50": 1.0161687135696411,
  "Cal_0.1": 0.2906045913696289,
  "Cal_0.2": 0.45452597737312317,
  "Cal_0.3": 0.578065037727356,
  "Cal_0.4": 0.6730300784111023,
  "Cal_0.5": 0.7465060949325562,
  "Cal_0.6": 0.8048383593559265,
  "Cal_0.7": 0.8520947694778442,
  "Cal_0.8": 0.8921361565589905,
  "Cal_0.9": 0.9291856288909912,
  "Cal_0.95": 0.9496921300888062,
  "Calibration_Error": 0.17212945640087127,
  "Mean_Epistemic_Var": 0.0,
  "Mean_Aleatoric_Var": 1.556035041809082,
  "Epistemic_Fraction": 0.0
}