{
  "MSE": 0.17357170581817627,
  "MAE": 0.21516598761081696,
  "RMSE": 0.4166193776316415
}