{
  "MSE": 0.18291912972927094,
  "MAE": 0.21740885078907013,
  "RMSE": 0.4276904601803399,
  "NLL": 0.13633038103580475,
  "CRPS": 0.19354559481143951,
  "Sharpness_90": 1.6484612226486206,
  "Sharpness_50": 0.6759691834449768,
  "Cal_0.1": 0.24139028787612915,
  "Cal_0.2": 0.38655105233192444,
  "Cal_0.3": 0.510103702545166,
  "Cal_0.4": 0.6150563359260559,
  "Cal_0.5": 0.7028058767318726,
  "Cal_0.6": 0.7752888202667236,
  "Cal_0.7": 0.8353486657142639,
  "Cal_0.8": 0.8861352205276489,
  "Cal_0.9": 0.9304351806640625,
  "Cal_0.95": 0.9522926807403564,
  "Calibration_Error": 0.13854078233242034,
  "Mean_Epistemic_Var": 0.0010966939153149724,
  "Mean_Aleatoric_Var": 0.9263820648193359,
  "Epistemic_Fraction": 0.0011824464946678095
}