{
  "MSE": 0.19681718945503235,
  "MAE": 0.2231750637292862,
  "RMSE": 0.4436408338453893,
  "NLL": 0.19311030209064484,
  "CRPS": 0.1863577514886856,
  "Sharpness_90": 1.4530644416809082,
  "Sharpness_50": 0.595844566822052,
  "Cal_0.1": 0.21486957371234894,
  "Cal_0.2": 0.349031001329422,
  "Cal_0.3": 0.46789121627807617,
  "Cal_0.4": 0.5728380084037781,
  "Cal_0.5": 0.664027750492096,
  "Cal_0.6": 0.7430695295333862,
  "Cal_0.7": 0.8105927109718323,
  "Cal_0.8": 0.8676159977912903,
  "Cal_0.9": 0.9172818660736084,
  "Cal_0.95": 0.9426035284996033,
  "Calibration_Error": 0.1114614126086235,
  "Mean_Epistemic_Var": 0.001306159421801567,
  "Mean_Aleatoric_Var": 0.6497867107391357,
  "Epistemic_Fraction": 0.0020061030122903323
}