{
  "MSE": 0.17303574085235596,
  "MAE": 0.214820995926857,
  "RMSE": 0.41597564935024256,
  "NLL": 1.4215269088745117,
  "CRPS": 0.47774869203567505,
  "Sharpness_90": 5.993342399597168,
  "Sharpness_50": 2.457634210586548,
  "Cal_0.1": 0.45392271876335144,
  "Cal_0.2": 0.6131129264831543,
  "Cal_0.3": 0.7120924592018127,
  "Cal_0.4": 0.7803233861923218,
  "Cal_0.5": 0.8308702111244202,
  "Cal_0.6": 0.8706135749816895,
  "Cal_0.7": 0.9027281403541565,
  "Cal_0.8": 0.9295694828033447,
  "Cal_0.9": 0.9531192183494568,
  "Cal_0.95": 0.9655817151069641,
  "Calibration_Error": 0.25619338333606717,
  "Mean_Epistemic_Var": 0.0,
  "Mean_Aleatoric_Var": 29.36063575744629,
  "Epistemic_Fraction": 0.0
}