{
  "MSE": 0.1738699972629547,
  "MAE": 0.21537326276302338,
  "RMSE": 0.4169772143210642,
  "NLL": 29593728125,
  "CRPS": 0.20565518736839294,
  "Sharpness_90": 0.06256348639726639,
  "Sharpness_50": 0.025654826313257217,
  "Cal_0.1": 0.016391728073358536,
  "Cal_0.2": 0.03299229219555855,
  "Cal_0.3": 0.05157945677638054,
  "Cal_0.4": 0.0715605691075325,
  "Cal_0.5": 0.09064071625471115,
  "Cal_0.6": 0.1094580665230751,
  "Cal_0.7": 0.13131822645664215,
  "Cal_0.8": 0.15921321511268616,
  "Cal_0.9": 0.19823510944843292,
  "Cal_0.95": 0.22570204734802246,
  "Calibration_Error": 0.43629085727036,
  "Mean_Epistemic_Var": 0.0007995792548172176,
  "Mean_Aleatoric_Var": 0.0,
  "Epistemic_Fraction": 0.9999874935788097
}