{
  "MSE": 0.3131829500198364,
  "MAE": 0.31673717498779297,
  "RMSE": 0.5596275100634676,
  "NLL": 0.6811034679412842,
  "CRPS": 0.2895708978176117,
  "Sharpness_90": 2.540297269821167,
  "Sharpness_50": 1.0416759252548218,
  "Cal_0.1": 0.2734108865261078,
  "Cal_0.2": 0.4359622597694397,
  "Cal_0.3": 0.5599552392959595,
  "Cal_0.4": 0.6579059958457947,
  "Cal_0.5": 0.7362322211265564,
  "Cal_0.6": 0.7985485792160034,
  "Cal_0.7": 0.8483952283859253,
  "Cal_0.8": 0.8903124928474426,
  "Cal_0.9": 0.9288354516029358,
  "Cal_0.95": 0.9496243596076965,
  "Calibration_Error": 0.16299339950084685,
  "Mean_Epistemic_Var": 0.004102266859263182,
  "Mean_Aleatoric_Var": 1.5721192359924316,
  "Epistemic_Fraction": 0.0026025952642469287
}