{
  "MSE": 0.1968100219964981,
  "MAE": 0.22291232645511627,
  "RMSE": 0.4436327557749744,
  "NLL": 0.28613197803497314,
  "CRPS": 0.18480148911476135,
  "Sharpness_90": 1.4050616025924683,
  "Sharpness_50": 0.5761604905128479,
  "Cal_0.1": 0.20977959036827087,
  "Cal_0.2": 0.3395315408706665,
  "Cal_0.3": 0.45501235127449036,
  "Cal_0.4": 0.5584422945976257,
  "Cal_0.5": 0.6495757102966309,
  "Cal_0.6": 0.7297695875167847,
  "Cal_0.7": 0.7992206811904907,
  "Cal_0.8": 0.858883261680603,
  "Cal_0.9": 0.9111712574958801,
  "Cal_0.95": 0.9379388093948364,
  "Calibration_Error": 0.10234474658966064,
  "Mean_Epistemic_Var": 0.0,
  "Mean_Aleatoric_Var": 0.6066693663597107,
  "Epistemic_Fraction": 0.0
}