{
  "MSE": 0.2856418788433075,
  "MAE": 0.30044662952423096,
  "RMSE": 0.5344547491072631,
  "NLL": 0.6356596350669861,
  "CRPS": 0.2862580716609955,
  "Sharpness_90": 2.590214729309082,
  "Sharpness_50": 1.0621449947357178,
  "Cal_0.1": 0.2998638451099396,
  "Cal_0.2": 0.46791693568229675,
  "Cal_0.3": 0.5926427245140076,
  "Cal_0.4": 0.6871694326400757,
  "Cal_0.5": 0.7592427730560303,
  "Cal_0.6": 0.8155395984649658,
  "Cal_0.7": 0.8610444664955139,
  "Cal_0.8": 0.8994787931442261,
  "Cal_0.9": 0.9348068237304688,
  "Cal_0.95": 0.9542208909988403,
  "Calibration_Error": 0.18219262838363648,
  "Mean_Epistemic_Var": 0.0018046206096187234,
  "Mean_Aleatoric_Var": 1.7064502239227295,
  "Epistemic_Fraction": 0.0010564116853295977
}