{
  "MSE": 0.3141914904117584,
  "MAE": 0.31690046191215515,
  "RMSE": 0.5605278676495562,
  "NLL": 0.6794478297233582,
  "CRPS": 0.2866070866584778,
  "Sharpness_90": 2.4724557399749756,
  "Sharpness_50": 1.0138567686080933,
  "Cal_0.1": 0.2681780755519867,
  "Cal_0.2": 0.4282854199409485,
  "Cal_0.3": 0.5509652495384216,
  "Cal_0.4": 0.648693323135376,
  "Cal_0.5": 0.7276753187179565,
  "Cal_0.6": 0.7913980484008789,
  "Cal_0.7": 0.8428249359130859,
  "Cal_0.8": 0.8857924938201904,
  "Cal_0.9": 0.9253986477851868,
  "Cal_0.95": 0.9468843936920166,
  "Calibration_Error": 0.15723271191120147,
  "Mean_Epistemic_Var": 0.0,
  "Mean_Aleatoric_Var": 1.4834983348846436,
  "Epistemic_Fraction": 0.0
}